tool_name	node_source_at_bb97bae5	node_line	rust_source_at_audit	rust_line	status
addBotMember	src/functions/botAssistantFunctions.ts	55	crates/yuuka-botassistant/src/tools.rs	421	入口あり（挙動の同等性は報告書参照）
addClipboardEntry	src/functions/clipboardFunctions.ts	11	crates/yuuka-personal/src/tools.rs	55	入口あり（挙動の同等性は報告書参照）
addContact	src/functions/contactFunctions.ts	35	crates/yuuka-personal/src/tools.rs	35	入口あり（挙動の同等性は報告書参照）
addCredential	src/functions/credentialFunctions.ts	65	crates/yuuka-credential/src/tools.rs	57	入口あり（挙動の同等性は報告書参照）
addExpense	src/functions/financeFunctions.ts	132	crates/yuuka-finance/src/tools.rs	34	入口あり（挙動の同等性は報告書参照）
addPlannedPayment	src/functions/financeFunctions.ts	317	crates/yuuka-finance/src/tools.rs	74	入口あり（挙動の同等性は報告書参照）
addReminder	src/functions/reminderFunctions.ts	109	crates/yuuka-reminder/src/tools.rs	37	入口あり（挙動の同等性は報告書参照）
addSchedule	src/functions/scheduleFunctions.ts	18	crates/yuuka-schedule/src/tools.rs	58	入口あり（挙動の同等性は報告書参照）
addSubtask	src/functions/todoFunctions.ts	265	crates/yuuka-todo/src/tools.rs	52	入口あり（挙動の同等性は報告書参照）
addTimelineRecord	src/functions/timelineFunctions.ts	78	crates/yuuka-timeline/src/tools.rs	40	入口あり（挙動の同等性は報告書参照）
addTodo	src/functions/todoFunctions.ts	211	crates/yuuka-todo/src/tools.rs	36	入口あり（挙動の同等性は報告書参照）
appendContextNote	src/functions/noteFunctions.ts	15	crates/yuuka-personal/src/tools.rs	75	入口あり（挙動の同等性は報告書参照）
appendGuildNote	src/functions/botAssistantFunctions.ts	339	crates/yuuka-botassistant/src/tools.rs	419	入口あり（挙動の同等性は報告書参照）
appendMyNote	src/functions/botAssistantFunctions.ts	207	crates/yuuka-botassistant/src/tools.rs	416	入口あり（挙動の同等性は報告書参照）
applyTaskPriorities	src/functions/todoFunctions.ts	550	crates/yuuka-todo/src/tools.rs	91	入口あり（挙動の同等性は報告書参照）
browserFillCredential	src/functions/credentialFunctions.ts	151	crates/yuuka-credential/src/tools.rs	67	入口あり（挙動の同等性は報告書参照）
browserInteractiveClick	src/functions/browserModule.ts	79	crates/yuuka-browser/src/tools.rs	45	入口あり（挙動の同等性は報告書参照）
browserInteractiveClose	src/functions/browserModule.ts	148	crates/yuuka-browser/src/tools.rs	61	入口あり（挙動の同等性は報告書参照）
browserInteractiveOpen	src/functions/browserModule.ts	63	crates/yuuka-browser/src/tools.rs	41	入口あり（挙動の同等性は報告書参照）
browserInteractiveStatus	src/functions/browserModule.ts	138	crates/yuuka-browser/src/tools.rs	57	入口あり（挙動の同等性は報告書参照）
browserInteractiveType	src/functions/browserModule.ts	98	crates/yuuka-browser/src/tools.rs	49	入口あり（挙動の同等性は報告書参照）
browserInteractiveWait	src/functions/browserModule.ts	119	crates/yuuka-browser/src/tools.rs	53	入口あり（挙動の同等性は報告書参照）
cancelPlannedPayment	src/functions/financeFunctions.ts	379	crates/yuuka-finance/src/tools.rs	82	入口あり（挙動の同等性は報告書参照）
cancelReminder	src/functions/reminderFunctions.ts	162	crates/yuuka-reminder/src/tools.rs	45	入口あり（挙動の同等性は報告書参照）
completeTodo	src/functions/todoFunctions.ts	325	crates/yuuka-todo/src/tools.rs	44	入口あり（挙動の同等性は報告書参照）
configureBriefing	src/functions/briefingFunctions.ts	23	crates/yuuka-briefing/src/tools.rs	35	入口あり（挙動の同等性は報告書参照）
configureReport	src/functions/briefingFunctions.ts	79	crates/yuuka-briefing/src/tools.rs	27	入口あり（挙動の同等性は報告書参照）
createDayPlanBlock	src/functions/timelineFunctions.ts	35	crates/yuuka-timeline/src/tools.rs	48	入口あり（挙動の同等性は報告書参照）
deleteBudgetLimit	src/functions/financeFunctions.ts	279	crates/yuuka-finance/src/tools.rs	66	入口あり（挙動の同等性は報告書参照）
deleteClipboardEntry	src/functions/clipboardFunctions.ts	39	crates/yuuka-personal/src/tools.rs	63	入口あり（挙動の同等性は報告書参照）
deleteContact	src/functions/contactFunctions.ts	142	crates/yuuka-personal/src/tools.rs	47	入口あり（挙動の同等性は報告書参照）
deleteCredential	src/functions/credentialFunctions.ts	132	crates/yuuka-credential/src/tools.rs	53	入口あり（挙動の同等性は報告書参照）
deleteDayPlanBlock	src/functions/timelineFunctions.ts	67	crates/yuuka-timeline/src/tools.rs	52	入口あり（挙動の同等性は報告書参照）
deletePlaybook	src/functions/playbookFunctions.ts	104	crates/yuuka-playbook/src/tools.rs	52	入口あり（挙動の同等性は報告書参照）
deleteSchedule	src/functions/scheduleFunctions.ts	77	crates/yuuka-schedule/src/tools.rs	68	入口あり（挙動の同等性は報告書参照）
deleteTodo	src/functions/todoFunctions.ts	341	crates/yuuka-todo/src/tools.rs	48	入口あり（挙動の同等性は報告書参照）
editTodoTags	src/functions/todoFunctions.ts	460	crates/yuuka-todo/src/tools.rs	79	入口あり（挙動の同等性は報告書参照）
fetchDynamicPage	src/functions/browserModule.ts	13	crates/yuuka-browser/src/tools.rs	35	入口あり（挙動の同等性は報告書参照）
findPlaybooks	src/functions/playbookFunctions.ts	59	crates/yuuka-playbook/src/tools.rs	44	入口あり（挙動の同等性は報告書参照）
findSettlementCandidates	src/functions/financeFunctions.ts	398	crates/yuuka-finance/src/tools.rs	86	入口あり（挙動の同等性は報告書参照）
getBriefingConfig	src/functions/briefingFunctions.ts	71	crates/yuuka-briefing/src/tools.rs	31	入口あり（挙動の同等性は報告書参照）
getBudgetLimits	src/functions/financeFunctions.ts	246	crates/yuuka-finance/src/tools.rs	58	入口あり（挙動の同等性は報告書参照）
getCategoryBreakdown	src/functions/financeFunctions.ts	199	crates/yuuka-finance/src/tools.rs	54	入口あり（挙動の同等性は報告書参照）
getContextNote	src/functions/noteFunctions.ts	35	crates/yuuka-personal/src/tools.rs	67	入口あり（挙動の同等性は報告書参照）
getGuildNote	src/functions/botAssistantFunctions.ts	358	crates/yuuka-botassistant/src/tools.rs	417	入口あり（挙動の同等性は報告書参照）
getMonthlySummary	src/functions/financeFunctions.ts	178	crates/yuuka-finance/src/tools.rs	50	入口あり（挙動の同等性は報告書参照）
getMyNote	src/functions/botAssistantFunctions.ts	226	crates/yuuka-botassistant/src/tools.rs	414	入口あり（挙動の同等性は報告書参照）
getRecentActionHistory	src/functions/playbookFunctions.ts	77	crates/yuuka-playbook/src/tools.rs	56	入口あり（挙動の同等性は報告書参照）
getTaskDetail	src/functions/todoFunctions.ts	433	crates/yuuka-todo/src/tools.rs	64	入口あり（挙動の同等性は報告書参照）
getTaskUsageGuide	src/functions/todoFunctions.ts	509	crates/yuuka-todo/src/tools.rs	76	入口あり（挙動の同等性は報告書参照）
linkPlannedPaymentReminder	src/functions/financeFunctions.ts	442	crates/yuuka-finance/src/tools.rs	94	入口あり（挙動の同等性は報告書参照）
linkPlannedPaymentTodo	src/functions/financeFunctions.ts	424	crates/yuuka-finance/src/tools.rs	90	入口あり（挙動の同等性は報告書参照）
listBotMembers	src/functions/botAssistantFunctions.ts	92	crates/yuuka-botassistant/src/tools.rs	425	入口あり（挙動の同等性は報告書参照）
listClipboardEntries	src/functions/clipboardFunctions.ts	32	crates/yuuka-personal/src/tools.rs	59	入口あり（挙動の同等性は報告書参照）
listContacts	src/functions/contactFunctions.ts	92	crates/yuuka-personal/src/tools.rs	39	入口あり（挙動の同等性は報告書参照）
listCredentialServices	src/functions/credentialFunctions.ts	54	crates/yuuka-credential/src/tools.rs	49	入口あり（挙動の同等性は報告書参照）
listDayPlan	src/functions/timelineFunctions.ts	19	crates/yuuka-timeline/src/tools.rs	44	入口あり（挙動の同等性は報告書参照）
listPlannedPayments	src/functions/financeFunctions.ts	298	crates/yuuka-finance/src/tools.rs	70	入口あり（挙動の同等性は報告書参照）
listRecentExpenses	src/functions/financeFunctions.ts	222	crates/yuuka-finance/src/tools.rs	38	入口あり（挙動の同等性は報告書参照）
listReminders	src/functions/reminderFunctions.ts	144	crates/yuuka-reminder/src/tools.rs	41	入口あり（挙動の同等性は報告書参照）
listSchedules	src/functions/scheduleFunctions.ts	61	crates/yuuka-schedule/src/tools.rs	63	入口あり（挙動の同等性は報告書参照）
listTasksByTag	src/functions/todoFunctions.ts	490	crates/yuuka-todo/src/tools.rs	72	入口あり（挙動の同等性は報告書参照）
listTodoTags	src/functions/todoFunctions.ts	449	crates/yuuka-todo/src/tools.rs	68	入口あり（挙動の同等性は報告書参照）
listTodos	src/functions/todoFunctions.ts	301	crates/yuuka-todo/src/tools.rs	40	入口あり（挙動の同等性は報告書参照）
organizeTaskPriorities	src/functions/todoFunctions.ts	538	crates/yuuka-todo/src/tools.rs	87	入口あり（挙動の同等性は報告書参照）
removeBotMember	src/functions/botAssistantFunctions.ts	74	crates/yuuka-botassistant/src/tools.rs	429	入口あり（挙動の同等性は報告書参照）
runBriefingNow	src/functions/briefingFunctions.ts	105	crates/yuuka-briefing/src/tools.rs	39	入口あり（挙動の同等性は報告書参照）
runPlaybook	src/functions/playbookFunctions.ts	85	crates/yuuka-playbook/src/tools.rs	48	入口あり（挙動の同等性は報告書参照）
savePlaybook	src/functions/playbookFunctions.ts	19	crates/yuuka-playbook/src/tools.rs	40	入口あり（挙動の同等性は報告書参照）
searchContacts	src/functions/contactFunctions.ts	75	crates/yuuka-personal/src/tools.rs	51	入口あり（挙動の同等性は報告書参照）
searchWeb	src/functions/browserModule.ts	45	crates/yuuka-browser/src/tools.rs	32	入口あり（挙動の同等性は報告書参照）
sendChart	src/functions/chartFunctions.ts	11	crates/yuuka-chart/src/tools.rs	28	入口あり（挙動の同等性は報告書参照）
setBudgetLimit	src/functions/financeFunctions.ts	257	crates/yuuka-finance/src/tools.rs	62	入口あり（挙動の同等性は報告書参照）
setContextNote	src/functions/noteFunctions.ts	42	crates/yuuka-personal/src/tools.rs	71	入口あり（挙動の同等性は報告書参照）
setGuildNote	src/functions/botAssistantFunctions.ts	365	crates/yuuka-botassistant/src/tools.rs	418	入口あり（挙動の同等性は報告書参照）
setMyNote	src/functions/botAssistantFunctions.ts	233	crates/yuuka-botassistant/src/tools.rs	415	入口あり（挙動の同等性は報告書参照）
settlePlannedPayment	src/functions/financeFunctions.ts	354	crates/yuuka-finance/src/tools.rs	78	入口あり（挙動の同等性は報告書参照）
showRichContent	src/functions/richContentModule.ts	11	crates/yuuka-richcontent/src/lib.rs	36	入口あり（挙動の同等性は報告書参照）
stopTodoRoutine	src/functions/todoFunctions.ts	521	crates/yuuka-todo/src/tools.rs	83	入口あり（挙動の同等性は報告書参照）
summarizeConversationTopic	src/functions/conversationFunctions.ts	43	crates/yuuka-conversation/src/lib.rs	32	入口あり（挙動の同等性は報告書参照）
takePageScreenshot	src/functions/browserModule.ts	30	crates/yuuka-browser/src/tools.rs	38	入口あり（挙動の同等性は報告書参照）
updateContact	src/functions/contactFunctions.ts	99	crates/yuuka-personal/src/tools.rs	43	入口あり（挙動の同等性は報告書参照）
updateCredential	src/functions/credentialFunctions.ts	99	crates/yuuka-credential/src/tools.rs	62	入口あり（挙動の同等性は報告書参照）
updateTaskProgress	src/functions/todoFunctions.ts	405	crates/yuuka-todo/src/tools.rs	60	入口あり（挙動の同等性は報告書参照）
updateTodo	src/functions/todoFunctions.ts	358	crates/yuuka-todo/src/tools.rs	56	入口あり（挙動の同等性は報告書参照）
